{"cameraMode":{"drawMode":0,"name":"Shaded","section":"Shading Mode"},"sceneLighting":false,"audioPlay":false,"sceneViewState":{"m_AlwaysRefresh":false,"showFog":true,"showSkybox":false,"showFlares":true,"showImageEffects":true,"showParticleSystems":true,"showVisualEffectGraphs":true,"m_FxEnabled":true},"in2DMode":false,"pivot":{"x":0.0020498037338256838,"y":0.857047975063324,"z":0.028144940733909608},"rotation":{"x":0.12184897065162659,"y":-0.3665042221546173,"z":0.046707216650247577,"w":0.9216156005859375},"size":1.3346688747406006,"orthographic":false}