{"cameraMode":{"drawMode":0,"name":"Shaded","section":"Shading Mode"},"sceneLighting":true,"audioPlay":false,"sceneViewState":{"m_AlwaysRefresh":false,"showFog":true,"showSkybox":true,"showFlares":true,"showImageEffects":true,"showParticleSystems":true,"showVisualEffectGraphs":true,"m_FxEnabled":true},"in2DMode":false,"pivot":{"x":-81.11742401123047,"y":7.446861743927002,"z":10.022071838378907},"rotation":{"x":0.0029532802291214468,"y":-0.6337783336639404,"z":-0.0006405229796655476,"w":-0.7740128040313721},"size":2.062729835510254,"orthographic":false}