{"cameraMode":{"drawMode":0,"name":"Shaded","section":"Shading Mode"},"sceneLighting":true,"audioPlay":false,"sceneViewState":{"m_AlwaysRefresh":false,"showFog":true,"showSkybox":true,"showFlares":true,"showImageEffects":true,"showParticleSystems":true,"showVisualEffectGraphs":true,"m_FxEnabled":true},"in2DMode":false,"pivot":{"x":-22.396169662475587,"y":3.671372890472412,"z":20.82920265197754},"rotation":{"x":0.24216796457767487,"y":0.04152483493089676,"z":-0.012030335143208504,"w":0.9696534872055054},"size":4.944571495056152,"orthographic":false}