{"cameraMode":{"drawMode":0,"name":"Shaded","section":"Shading Mode"},"sceneLighting":true,"audioPlay":false,"sceneViewState":{"m_AlwaysRefresh":false,"showFog":true,"showSkybox":true,"showFlares":true,"showImageEffects":true,"showParticleSystems":true,"showVisualEffectGraphs":true,"m_FxEnabled":true},"in2DMode":false,"pivot":{"x":111.15756225585938,"y":14.22974681854248,"z":-4.128885269165039},"rotation":{"x":-0.013211498036980629,"y":0.738616943359375,"z":0.011899007484316826,"w":0.6744977831840515},"size":97.74088287353516,"orthographic":false}